C_NAME,ADDRESS
Aaron Gray,1 Anniversary Way
Adam Duncan,58 Erie Pass
Adam Harvey,35 Luster Road
Adam Medina,0920 Swallow Center
Alan Campbell,80971 Pepper Wood Junction
Alan Frazier,4 Saint Paul Plaza
Albert Alexander,13 American Ash Place
Albert Nelson,719 Colorado Point
Albert Palmer,18409 Bunting Junction
Albert Scott,1093 Clemons Center
Albert Spencer,69099 Maple Wood Avenue
Alice Russell,65139 Hagan Lane
Alice Stanley,72 Bowman Hill
Amy Alvarez,4588 Sutherland Terrace
Amy Burns,4399 Texas Parkway
Amy Gordon,1 Melrose Terrace
Amy Johnston,5374 Stoughton Junction
Amy Lopez,67893 Pleasure Drive
Amy Matthews,3 Ronald Regan Trail
Andrea Greene,54 Luster Street
Andrea Hansen,031 Buell Hill
Andrea Moore,22400 Fairview Park
Andrea Ward,6936 Grim Hill
Andrew Allen,44241 Bartillon Way
Andrew Gordon,2 Hovde Terrace
Andrew Hamilton,5574 Blaine Way
Andrew Jackson,0464 Erie Street
Angela Cooper,811 Meadow Vale Court
Angela Richardson,330 Darwin Street
Angela Stone,14475 Elgar Terrace
Ann Austin,5 Kenwood Terrace
Ann Burns,52769 Graceland Junction
Ann Ford,03 Coleman Alley
Ann Thompson,56 Glacier Hill Alley
Anna Price,247 Alpine Trail
Anne Alexander,2655 Fairview Way
Anne Green,598 Grasskamp Avenue
Anne Washington,92 Del Sol Lane
Annie Crawford,303 Portage Plaza
Annie James,75877 Forest Run Hill
Annie Reid,0564 Reinke Park
Anthony Duncan,93077 Carberry Pass
Anthony Welch,6 Main Place
Antonio Banks,8604 Oxford Avenue
Antonio Bishop,5865 Loftsgordon Court
Antonio Campbell,5093 Pond Circle
Antonio Morgan,899 Nelson Road
Arthur Ford,865 Elka Way
Arthur Richards,5 Macpherson Alley
Arthur Stone,93583 Brickson Park Road
Ashley Gutierrez,85 Northwestern Park
Barbara James,99 Westend Road
Barbara Peterson,1124 Upham Way
Barbara Russell,80927 Dixon Hill
Benjamin Cole,4991 Hooker Way
Benjamin Fowler,092 Del Sol Lane
Betty Chavez,943 Lindbergh Road
Betty Hawkins,566 Sunbrook Lane
Betty Hunter,11 Jay Street
Beverly Castillo,5195 Meadow Valley Place
Beverly Jordan,21856 Arkansas Plaza
Beverly Morgan,8002 Autumn Leaf Drive
Beverly Rose,6 Eliot Court
Billy Armstrong,416 Corry Circle
Billy Miller,807 Hagan Alley
Bobby Hanson,16 Petterle Junction
Bobby Knight,15802 Katie Plaza
Bobby Lewis,2622 Cottonwood Lane
Bonnie Harris,7 Morrow Way
Bonnie Lee,85957 Pleasure Place
Bonnie Porter,105 Bowman Center
Bonnie Wells,81594 Troy Pass
Brandon Campbell,9 Harbort Alley
Brandon Stone,1 Eliot Avenue
Brandon Torres,2 Coolidge Plaza
Brenda Hall,11978 8th Way
Brian Frazier,9 Forest Dale Parkway
Brian Peters,970 Sheridan Street
Brian Wilson,71905 Roxbury Lane
Bruce Murphy,00 Novick Alley
Carl Alexander,0 Northland Circle
Carl Castillo,33 Bay Point
Carlos Hughes,6 Morningstar Parkway
Carlos Nguyen,753 Eagle Crest Circle
Carlos Taylor,24191 Algoma Parkway
Carol Green,48 Dahle Point
Carol Wheeler,8199 Sauthoff Parkway
Carolyn Bennett,46963 Dayton Junction
Carolyn Howell,0 Artisan Terrace
Carolyn Mills,20273 Farragut Court
Carolyn Ramirez,2048 Evergreen Circle
Catherine Hicks,87215 Lien Place
Catherine Morris,49702 Del Sol Park
Charles Jenkins,00 Express Court
Charles Mitchell,38 Northwestern Terrace
Charles Sanchez,678 Columbus Way
Charles Watkins,738 Bobwhite Place
Cheryl Dean,2159 Delladonna Terrace
Cheryl Mccoy,828 Hovde Terrace
Chris Chapman,12583 Johnson Court
Chris Foster,89 Everett Center
Chris Myers,90 Columbus Place
Chris Porter,3361 Sunfield Way
Christina Day,53543 Hooker Way
Christina Medina,14327 Old Shore Place
Christina Sims,03804 Rigney Circle
Christine Martinez,8182 Quincy Place
Christine Nguyen,32084 Warner Drive
Christopher Nguyen,2 Hudson Way
Craig Johnson,13 Fairfield Alley
Craig Mccoy,4 Fallview Crossing
Craig Reynolds,22683 Gerald Terrace
Craig Watson,12 Mesta Avenue
Cynthia Johnson,40 Dixon Court
Cynthia Robertson,79 Messerschmidt Parkway
Daniel Black,40790 Transport Place
Daniel Butler,3870 Colorado Parkway
Daniel Howard,5 Merchant Center
Daniel Stone,8 Sugar Drive
David Fields,272 Golf Course Avenue
David Kennedy,48 Mesta Road
David Lane,8752 Sunfield Avenue
David Perkins,0 8th Road
Deborah Coleman,7791 Cottonwood Street
Deborah Cooper,2 Fisk Circle
Deborah Howard,859 David Avenue
Debra Collins,42 Messerschmidt Drive
Debra Flores,618 Arrowood Junction
Debra Perry,2250 Doe Crossing Hill
Debra Robertson,8993 Debs Circle
Debra Sims,27 Fairfield Terrace
Debra Weaver,22694 Elka Park
Denise Campbell,83 Rigney Point
Dennis Berry,744 Melvin Hill
Dennis Vasquez,29931 Pond Court
Diana Stewart,16766 Maryland Road
Diane Fields,30470 Heath Point
Diane Nichols,99398 Almo Lane
Diane Pierce,42468 Melody Place
Diane Sullivan,19664 Bashford Junction
Donald Flores,622 Lyons Circle
Donald Foster,05316 Maryland Street
Donald Mendoza,21590 Grover Court
Donald Morgan,21924 Brentwood Place
Donna Ramos,6 Waywood Court
Doris Burns,10 Grasskamp Road
Doris Gordon,259 Graedel Parkway
Doris Green,9 Forest Dale Terrace
Doris Jacobs,69 Bashford Place
Dorothy Bailey,24 Shopko Point
Dorothy Daniels,4017 Waxwing Court
Dorothy Williamson,54035 Buell Way
Douglas Dixon,33 Boyd Lane
Douglas Nichols,5884 Forest Dale Plaza
Douglas Vasquez,6 Lakewood Junction
Earl Fowler,74 Ilene Court
Earl Hawkins,1 Shasta Court
Earl Perez,00 Almo Parkway
Earl Turner,71 Cherokee Trail
Earl Watson,6677 Melvin Point
Edward Crawford,029 Valley Edge Avenue
Edward Harrison,2713 Old Gate Circle
Elizabeth Gonzales,4287 Dixon Terrace
Elizabeth Howell,152 Mariners Cove Street
Elizabeth Hudson,0159 Parkside Pass
Elizabeth Olson,57 Weeping Birch Point
Emily Ellis,76 Veith Drive
Emily Fowler,5982 Fordem Place
Emily Wheeler,93073 Ruskin Center
Eric Carroll,1 Summit Pass
Eric Kennedy,60244 Columbus Center
Ernest Perkins,02 Kedzie Point
Ernest Richards,9 Declaration Road
Ernest White,7208 Debra Point
Ernest Woods,52 Charing Cross Terrace
Eugene Snyder,9 Esker Lane
Evelyn Day,38662 Summit Drive
Evelyn Ellis,1299 Buhler Place
Evelyn Jones,60 Hoard Way
Evelyn Perkins,4300 Judy Junction
Evelyn Simpson,27376 Waubesa Hill
Frances Alexander,3 Buell Drive
Frances Hughes,27 Saint Paul Hill
Frank Baker,572 Morningstar Trail
Fred Crawford,277 Old Shore Terrace
Fred Fernandez,0542 Summerview Place
Fred Gilbert,76527 Trailsway Alley
Fred Hunter,762 Roth Road
Gary Dixon,385 Maryland Circle
Gary Kelley,61148 Northland Drive
Gary Romero,31 Southridge Way
Gary Scott,3334 John Wall Circle
George Parker,636 Vahlen Terrace
Gerald Evans,26697 Waubesa Point
Gerald Gordon,77536 Mcguire Drive
Gerald Jacobs,1332 Stephen Point
Gerald Miller,7 Village Alley
Gerald Tucker,1 Bultman Trail
Gerald Wallace,29240 Atwood Trail
Gerald Young,5672 Old Shore Alley
Gloria Montgomery,0781 Lien Circle
Gloria Morgan,3006 Eastlawn Hill
Gregory Elliott,79418 Grayhawk Center
Gregory Gibson,9699 Charing Cross Parkway
Gregory Hansen,07 Grover Drive
Gregory Lawrence,8 Pennsylvania Crossing
Gregory Martinez,1 Lunder Circle
Gregory Robertson,2752 Novick Park
Harold Spencer,55 Farwell Hill
Harold Stanley,01 Jay Way
Harry Hall,9559 Warner Junction
Harry King,21 Anderson Drive
Harry Russell,027 Dryden Street
Harry Turner,106 Fremont Court
Harry Watson,30304 Oxford Crossing
Heather Banks,4676 Weeping Birch Parkway
Heather Davis,5 Ramsey Terrace
Helen Hunt,3 Schmedeman Park
Helen Miller,5864 Dapin Park
Henry Stanley,49181 North Way
Howard Ryan,52433 Hanover Point
Irene Mcdonald,83 Monica Park
Jack Alvarez,1844 Lindbergh Pass
Jack Nelson,5779 Sycamore Avenue
Jack Rose,83 Hoard Center
Jacqueline Campbell,820 Erie Center
Jacqueline Hicks,663 Meadow Valley Plaza
James Berry,5 Dawn Court
James Morris,44978 Larry Crossing
James Patterson,998 Memorial Road
James Romero,707 Bluejay Road
Jane Gray,30 Jana Court
Jane Lane,73 Scott Lane
Jane Powell,357 Mitchell Trail
Jane Rice,5 Oneill Lane
Janet Cunningham,80 Havey Lane
Janet Fuller,58121 Fremont Park
Janet Griffin,7084 Norway Maple Park
Janet Hansen,841 Marcy Park
Janet Rogers,64461 Brickson Park Crossing
Janice Fernandez,07530 Lien Crossing
Janice Gonzales,756 Dennis Circle
Janice Gordon,62593 Schurz Junction
Jason Barnes,732 Meadow Ridge Parkway
Jason Miller,355 Kinsman Pass
Jason Moreno,280 Rowland Court
Jason Wells,222 Reindahl Circle
Jean Carroll,2 Kingsford Terrace
Jean Foster,566 Elka Hill
Jean Hunt,3722 Lawn Park
Jean Lynch,29 Bluestem Street
Jean Torres,90 Messerschmidt Court
Jeffrey Gray,4 Del Sol Park
Jeffrey Lewis,78795 Mccormick Way
Jeffrey Richards,9 Buena Vista Lane
Jennifer Adams,9720 Utah Center
Jennifer Bowman,687 Weeping Birch Alley
Jeremy Ford,23042 Upham Point
Jeremy Hunt,269 Delladonna Trail
Jerry Harris,78515 Commercial Alley
Jerry Martinez,7 Eagle Crest Junction
Jerry West,12416 Doe Crossing Road
Jesse Dunn,4 Oriole Park
Jesse Ellis,3 Forster Court
Jesse Fox,1851 Cody Hill
Jesse Ruiz,98899 Schurz Drive
Jesse Thompson,740 Autumn Leaf Plaza
Jessica Harvey,47 Gateway Plaza
Jimmy Griffin,50628 South Lane
Jimmy Howell,939 Ridge Oak Hill
Jimmy Vasquez,7 Shelley Drive
Joan Burton,34868 Pawling Crossing
Joan Hudson,71723 Del Sol Avenue
Joan Little,3 Dunning Hill
Joan Snyder,0 Quincy Junction
Joan Spencer,7903 Leroy Way
Joe Cunningham,8219 Bayside Plaza
Joe Spencer,7969 Stephen Alley
Joe Walker,0847 Susan Plaza
John Jenkins,526 Pankratz Point
John Price,52647 Hoffman Drive
Johnny Dixon,28 Anderson Circle
Johnny Freeman,91 Forster Crossing
Johnny Hughes,50264 Farwell Lane
Johnny White,0 Basil Street
Jonathan Coleman,72109 Gerald Junction
Jonathan Roberts,48837 Ilene Hill
Jonathan Wheeler,46616 Kenwood Pass
Jose Shaw,38 Sutteridge Junction
Jose Webb,67 Gerald Crossing
Joseph Frazier,869 Delaware Hill
Joseph Hill,1 Northport Parkway
Joseph Lynch,33 Esch Court
Joseph Scott,6144 Melrose Terrace
Joshua Flores,214 Chive Crossing
Joshua Ramirez,504 Kipling Way
Joshua Reyes,09174 Knutson Circle
Joshua Sims,0993 Bayside Terrace
Joshua Taylor,66 Tomscot Crossing
Joyce Elliott,1137 Coolidge Drive
Joyce Garza,0 Kings Terrace
Joyce Little,8 Red Cloud Drive
Juan Moore,2806 Golf View Way
Juan Reyes,82305 Atwood Center
Judith Campbell,465 Walton Circle
Judith Gilbert,3 Maple Wood Center
Judith Jordan,709 2nd Center
Judith Kim,68 Fulton Parkway
Judith Long,204 Prairieview Drive
Judy Alexander,4 Burrows Crossing
Judy Burns,21222 Novick Trail
Judy Moreno,96 Hayes Avenue
Judy Watson,502 Orin Street
Julia Parker,130 Vermont Parkway
Julia Romero,90 Ridge Oak Park
Julia Ruiz,292 Bunting Road
Julie Day,77 Prentice Circle
Julie Fowler,380 Stoughton Lane
Julie Moreno,1 Donald Park
Julie Wright,9 Judy Trail
Justin Gonzalez,53607 Independence Terrace
Justin Ray,3 Lake View Road
Karen Franklin,53 Towne Drive
Karen Gibson,2644 Prentice Avenue
Karen Murphy,99 Hazelcrest Court
Katherine Holmes,9989 Sutherland Pass
Katherine Rogers,613 Sage Center
Kathleen Washington,76523 Birchwood Alley
Kathryn Harper,3 Anniversary Lane
Kathryn Morales,78 Sutteridge Terrace
Kathryn Riley,221 Kedzie Terrace
Kathy Gonzales,18 Spenser Circle
Keith Cruz,4 Waywood Trail
Kelly Barnes,4 Lawn Plaza
Kelly Stewart,29549 Northwestern Drive
Kenneth Banks,0 Eagle Crest Parkway
Kenneth Day,9 Bowman Point
Kenneth Duncan,7119 Pepper Wood Park
Kenneth Smith,92 Bartelt Parkway
Kevin Ford,786 Union Crossing
Kevin Harris,2212 Del Mar Plaza
Kevin Murphy,0855 Vidon Road
Larry Martin,8804 Sunfield Alley
Laura Clark,3 Prairie Rose Parkway
Laura Hunter,3717 Milwaukee Court
Lawrence Green,5 Canary Avenue
Lawrence Harvey,493 1st Point
Lillian Adams,5338 Monument Circle
Lillian Bennett,3 Dorton Drive
Lillian Bowman,49666 Kedzie Road
Lillian Crawford,084 Columbus Place
Lillian Griffin,4 Briar Crest Parkway
Linda Flores,830 Sloan Parkway
Linda Gordon,585 Hansons Plaza
Lisa Bennett,1 Katie Pass
Lisa Lee,5652 Rockefeller Lane
Lois Oliver,15 Annamark Junction
Lois Walker,76 Chinook Avenue
Lois Williamson,4 Mandrake Pass
Lois Willis,75250 Kensington Crossing
Lois Wright,7581 Fairfield Circle
Lori Gordon,8662 Elgar Place
Lori Torres,96615 Village Center
Louis Larson,88 Toban Drive
Louis Mason,2 Erie Park
Louise Austin,45091 Dixon Trail
Louise Hamilton,3552 Kinsman Court
Margaret Garcia,9290 Mayer Way
Margaret Hamilton,7 Del Sol Point
Maria Gardner,425 Mccormick Park
Maria Oliver,002 Vernon Alley
Marie Jones,0 Northwestern Alley
Marie Robertson,0 Erie Avenue
Marie White,64644 Packers Way
Marilyn Dixon,9 Kings Street
Marilyn Fuller,47 Blaine Street
Marilyn Murphy,3938 Eagle Crest Drive
Marilyn Williamson,1008 Village Green Street
Mark Fuller,07 Susan Circle
Mark Gonzales,29 Holmberg Place
Martha Bennett,32 Muir Hill
Martha Long,277 Larry Parkway
Martha Wood,9 Fordem Hill
Martin Howard,931 Melby Hill
Martin Morrison,153 Clarendon Avenue
Matthew Moreno,60 Lakeland Street
Matthew Murphy,73 Oxford Pass
Matthew Reyes,553 Chinook Place
Matthew Washington,74631 Ridgeway Trail
Melissa Carpenter,32793 Warrior Drive
Melissa Dean,45 Graedel Center
Melissa Warren,02983 Bowman Crossing
Michael Clark,008 Nova Place
Michael Grant,18104 Independence Terrace
Michael Patterson,26 Bultman Point
Michael Wagner,13674 Daystar Court
Michelle Elliott,5 Hoard Place
Michelle Lawson,26909 Farragut Plaza
Michelle Rice,6074 Wayridge Road
Michelle Romero,6 Continental Circle
Michelle Thompson,07 Namekagon Terrace
Mildred Dixon,8152 Surrey Court
Mildred Mcdonald,3 Randy Place
Nancy Murray,53477 Warner Street
Nicholas Kelly,61708 Thackeray Terrace
Nicole Black,46780 Park Meadow Avenue
Nicole Stanley,9 Arkansas Plaza
Nicole Willis,132 Mcbride Place
Norma Chavez,244 Southridge Way
Norma Mitchell,9 Commercial Parkway
Pamela Larson,31 Grayhawk Junction
Patricia Cunningham,6 Lake View Trail
Patricia Evans,00 Veith Crossing
Patricia Franklin,48714 Mayer Road
Patricia Johnston,5 Drewry Center
Patricia Jordan,14593 Clove Drive
Patricia Thompson,0 Jackson Avenue
Patrick Bell,5828 Victoria Road
Patrick Black,40 5th Terrace
Patrick Bowman,0603 Holmberg Street
Patrick Ross,2 Almo Hill
Paul Gonzales,9358 Lighthouse Bay Terrace
Paula Baker,10 Bonner Road
Paula Fernandez,2 Maple Parkway
Paula Gomez,68575 Ruskin Junction
Paula Harris,976 Golf View Trail
Paula Martin,7066 Golden Leaf Park
Paula Rose,83084 Oak Place
Paula Stevens,3901 Cody Street
Paula Torres,6 Kings Plaza
Paula Warren,56986 Goodland Parkway
Philip Henderson,92 Hoffman Plaza
Phyllis Allen,6 Westerfield Terrace
Phyllis Dunn,0 John Wall Junction
Rachel Bowman,871 Beilfuss Pass
Rachel Chapman,84 Farmco Parkway
Rachel Cunningham,0 Waywood Point
Rachel Morris,54181 Evergreen Point
Rachel Perez,586 Fieldstone Drive
Rachel Romero,13 Mcguire Road
Rachel Watkins,85 Atwood Lane
Ralph Dunn,26602 4th Drive
Ralph Fuller,89989 Manitowish Trail
Ralph Phillips,950 Starling Street
Randy Diaz,48092 3rd Court
Randy Elliott,80739 Maple Wood Crossing
Randy White,04 Union Place
Randy Williams,46 Morningstar Trail
Raymond Cox,9224 Thackeray Crossing
Raymond Flores,21760 Mcguire Park
Raymond Pierce,45897 Pepper Wood Way
Raymond Stephens,9 Bayside Pass
Raymond Willis,37368 Dayton Parkway
Rebecca Hayes,392 Kinsman Terrace
Rebecca Rose,18452 Laurel Park
Rebecca Smith,5 Spohn Lane
Rebecca Watson,650 Fairfield Point
Richard Berry,96 Delaware Terrace
Richard Elliott,352 Banding Circle
Richard Lane,3673 Schlimgen Hill
Richard Lopez,5237 Sloan Hill
Richard Perry,8130 Tomscot Parkway
Robin Garza,694 Vidon Lane
Robin Henderson,1 7th Circle
Roger Elliott,0727 Bunker Hill Way
Ronald Gilbert,05 Monterey Center
Ronald Rogers,21 Tony Pass
Rose Chapman,66 Shoshone Court
Rose Ferguson,095 David Terrace
Rose Medina,839 Elka Parkway
Rose Perkins,2 Twin Pines Plaza
Rose Smith,3 Maple Wood Place
Rose Watkins,2480 Jay Plaza
Roy Black,29 Katie Court
Roy Stone,5 Fieldstone Crossing
Roy Wells,330 Golf Course Junction
Russell Patterson,72 Wayridge Circle
Russell Russell,6 Bluejay Drive
Ryan Crawford,041 New Castle Trail
Ryan Robinson,6375 Talisman Street
Ryan Ross,36 Fulton Street
Ryan Sullivan,47 Dennis Park
SAIED HO,343 NORMAN
Samuel Taylor,9 Reindahl Parkway
Sandra Andrews,9679 Arapahoe Junction
Sandra Marshall,8496 Dayton Parkway
Sandra Moreno,8 Milwaukee Pass
Sandra Ramirez,83 Buhler Pass
Sandra Ray,87807 Bluejay Avenue
Sandra Stone,37 Eastwood Drive
Sara Chavez,6705 Dennis Hill
Sara Coleman,0256 Sullivan Lane
Sara Green,8 Schurz Drive
Sarah Chapman,319 Meadow Ridge Pass
Sarah Foster,8 Swallow Court
Scott Evans,20673 Northwestern Way
Scott Myers,58 Pleasure Center
Sean Greene,6628 Fieldstone Terrace
Sean Rose,9 Carey Way
Sean Ross,760 Stang Circle
Sharon Howard,5 Bobwhite Parkway
Sharon Ortiz,8 Harbort Center
Shawn Howard,149 Stone Corner Park
Shirley Hughes,8742 Sycamore Hill
Shirley Jones,1174 Lighthouse Bay Junction
Stephanie Ruiz,133 Bunker Hill Park
Stephen Fox,8429 Clyde Gallagher Crossing
Stephen Schmidt,1209 Grover Park
Stephen Washington,8 Center Crossing
Stephen Webb,971 Manitowish Park
Steve Burton,508 Barby Center
Steve Fuller,48237 Mcguire Alley
Steve Shaw,28 Fairfield Circle
Steve Simpson,27 Sunbrook Avenue
Steve Tucker,655 Everett Lane
Steve Warren,7167 Jenifer Pass
Steve Wood,83 Marquette Point
Steven Andrews,18668 Prairieview Crossing
Steven Duncan,54601 Londonderry Street
Susan Cunningham,67008 Laurel Park
Susan Diaz,1392 Golden Leaf Drive
Susan Garza,3612 Straubel Crossing
Susan Simmons,92 Petterle Hill
Tammy King,176 Kingsford Point
Tammy Perez,7 Pawling Point
Teresa Palmer,6129 Carioca Point
Teresa Richardson,6153 Graedel Lane
Terry Cooper,248 Marquette Alley
Terry Daniels,0 Eastwood Park
Terry Rice,8611 Fulton Point
Terry Richardson,29 Ludington Hill
Theresa Andrews,65 Pennsylvania Trail
Theresa Day,14609 Mandrake Terrace
Theresa Larson,58358 Anderson Junction
Thomas Bennett,36 Main Hill
Thomas Duncan,53 Barby Point
Thomas Hart,900 East Trail
Timothy Cooper,95 Sherman Point
Tina Rice,0 Spenser Trail
Todd Cooper,78 Stoughton Court
Todd Hansen,72 Marquette Street
Todd Jenkins,81567 Harper Junction
Todd Roberts,81 Manley Junction
Todd Shaw,69695 East Crossing
Victor Lopez,04 Oneill Park
Virginia Cole,70646 Park Meadow Point
Virginia Gray,06713 Di Loreto Way
Virginia Holmes,02 Loomis Alley
Virginia Johnston,99 Eliot Circle
Virginia Jordan,631 Hanover Street
Virginia Long,22 8th Place
Virginia Olson,883 Grim Pass
Virginia Payne,613 Graedel Crossing
Virginia Russell,34685 Mayfield Court
Walter Hicks,2279 Manitowish Place
Wanda Fisher,2646 Parkside Park
Wanda Grant,97813 High Crossing Alley
Wanda Peterson,83 Cordelia Place
Wanda Roberts,87 5th Place
Wanda Washington,2296 Talmadge Alley
Wayne Garcia,42593 Amoth Crossing
Wayne Gutierrez,8 Springview Pass
William Hughes,167 Wayridge Parkway
William Murray,4436 Rowland Parkway
William Nguyen,49097 South Park
William Price,9 Killdeer Alley
William Ross,3 Memorial Center
Willie Cooper,6 Acker Court
Willie Gonzalez,7 School Circle
Willie Johnson,95 Ronald Regan Parkway
Saied Hosseinipoor,410 Noram
Vahid Hosseinipoor,200 Lahijan