Accident ID,PID,Name
1111,948975,Eric Kennedy
1112,864466,Ernest Richards
1113,934194,Arthur Stone
1114,954636,Carolyn Patterson
1115,534818,Craig Nichols
1116,291888,Lisa Howard
1117,513320,Ann Webb
1118,765124,Mildred Wood
1119,679838,Roger Shaw
1120,584317,Brandon Washington
1121,149936,Judy Kelly
1122,170028,Billy Porter
1123,816027,Patricia Willis
1124,758483,Joyce Reyes
1125,295355,Craig Mills
1126,698243,Denise Burton
1127,296875,Terry Price
1128,667777,Albert Ross
1129,331671,Frances Franklin
1130,426917,Roger Price