Complaint ID,Date,Description,Treatment
11111,2014-01-11,sapien placerat ante nulla justo aliquam,Exchange
11112,2014-05-14,praesent blandit nam nulla integer pede justo lacinia eget tincidunt eget tempus,Money Back
11113,2014-03-27,pulvinar sed nisl nunc rhoncus dui vel,Money Back
11114,2012-05-15,libero nullam sit amet turpis elementum ligula vehicula consequat morbi a ipsum integer a nibh,Money Back
11115,2015-09-03,erat fermentum justo nec condimentum neque sapien placerat ante nulla justo aliquam quis turpis eget elit sodales scelerisque mauris,Exchange
11116,2014-08-14,odio cras mi pede malesuada in imperdiet et,Exchange
11117,2013-05-26,,Money Back
11118,2013-03-21,,Exchange
11119,2015-03-06,,Money Back
11120,2015-04-13,quam turpis adipiscing lorem vitae mattis nibh,Money Back
11121,2013-12-08,ipsum ac tellus semper interdum,Exchange
11122,2015-11-10,ante vel ipsum praesent blandit lacinia erat vestibulum sed magna,Exchange
11123,2013-06-02,nam ultrices libero non mattis pulvinar nulla,Money Back
11124,2014-09-29,sit amet consectetuer adipiscing elit proin,Money Back
11125,2014-11-25,eu sapien cursus vestibulum proin eu mi nulla ac enim in tempor,Money Back
11126,2013-08-29,curabitur convallis duis consequat dui nec nisi volutpat eleifend donec ut dolor,Money Back
11127,2014-01-14,ligula suspendisse ornare consequat lectus in est risus auctor sed tristique in tempus sit amet sem fusce consequat,Money Back
11128,2014-04-11,posuere felis sed lacus morbi sem mauris laoreet ut rhoncus aliquet pulvinar sed nisl nunc,Exchange
11129,2014-09-16,ultrices erat tortor sollicitudin mi,Exchange
11130,2014-02-01,nulla tellus in sagittis dui vel nisl duis,Exchange
11131,2012-10-23,,Exchange
11132,2015-03-26,erat eros viverra eget congue eget semper rutrum nulla nunc,Money Back
11133,2013-03-02,,Money Back
11134,2014-10-07,odio odio elementum eu interdum eu tincidunt in leo maecenas pulvinar,Money Back
11135,2015-04-08,ac diam cras pellentesque volutpat dui maecenas,Exchange
11136,2015-07-26,velit donec diam neque vestibulum eget vulputate ut ultrices vel,Exchange
11137,2012-08-16,tempor convallis nulla neque libero convallis eget eleifend luctus ultricies eu nibh quisque id justo sit amet sapien dignissim,Money Back
11138,2014-11-21,lacus curabitur at ipsum ac tellus semper interdum mauris ullamcorper purus sit amet nulla quisque arcu libero rutrum,Money Back
11139,2015-02-04,mattis pulvinar nulla pede ullamcorper augue a suscipit nulla,Money Back
11140,2014-11-11,hac habitasse platea dictumst morbi vestibulum velit id pretium iaculis diam erat fermentum justo nec condimentum neque sapien placerat,Money Back
11141,2015-02-07,sit amet nunc viverra dapibus nulla suscipit ligula in lacus curabitur at ipsum ac tellus semper interdum mauris,Money Back
11142,2014-03-11,aliquet ultrices erat tortor sollicitudin mi sit amet lobortis sapien,Exchange
11143,2014-06-27,,Exchange
11144,2014-05-29,sed interdum venenatis turpis enim blandit mi in porttitor,Exchange
11145,2014-06-22,,Exchange
11146,2015-04-01,,Exchange
11147,2015-09-06,purus sit amet nulla quisque arcu libero rutrum ac,Money Back
11148,2014-02-25,,Exchange
11149,2014-11-09,sapien arcu sed augue aliquam erat volutpat in congue etiam justo etiam pretium iaculis justo in hac habitasse platea,Money Back
11150,2014-06-03,sed lacus morbi sem mauris laoreet ut rhoncus,Exchange
11151,2013-04-26,integer a nibh in quis justo,Money Back
11152,2015-02-25,quam fringilla rhoncus mauris enim leo,Money Back
11153,2012-09-14,nulla integer pede justo lacinia eget tincidunt eget tempus vel pede morbi porttitor lorem id ligula,Money Back
11154,2014-12-21,,Money Back
11155,2015-09-16,duis aliquam convallis nunc proin at turpis a pede posuere nonummy integer non velit donec diam neque vestibulum eget,Money Back
11156,2013-07-03,curae mauris viverra diam vitae quam,Money Back
11157,2015-06-16,,Exchange
11158,2013-04-18,,Exchange
11159,2013-02-16,leo rhoncus sed vestibulum sit amet cursus id turpis integer aliquet massa id lobortis convallis tortor risus,Money Back
11160,2011-12-22,,Money Back
11161,2015-01-13,,Exchange
11162,2014-06-15,posuere metus vitae ipsum aliquam,Exchange
11163,2012-10-26,erat quisque erat eros viverra eget congue eget semper rutrum nulla nunc purus phasellus in felis donec semper sapien a,Exchange
11164,2014-06-29,dictumst morbi vestibulum velit id pretium iaculis diam erat fermentum justo nec,Money Back
11165,2013-02-19,fermentum justo nec condimentum neque sapien placerat ante nulla justo aliquam quis,Money Back
11166,2015-05-01,nulla suspendisse potenti cras in purus eu magna,Exchange
11167,2014-02-10,nulla sed accumsan felis ut at dolor quis odio consequat,Money Back
11168,2013-11-04,,Exchange
11169,2014-02-19,molestie nibh in lectus pellentesque at nulla suspendisse potenti cras,Money Back
11170,2011-11-25,,Money Back
11171,2015-04-11,vestibulum vestibulum ante ipsum primis in faucibus orci luctus et ultrices posuere cubilia curae nulla dapibus dolor,Money Back
11172,2013-07-23,imperdiet nullam orci pede venenatis non sodales sed,Money Back
11173,2012-06-08,est phasellus sit amet erat nulla tempus vivamus in felis eu sapien cursus vestibulum proin eu,Money Back
11174,2015-02-16,,Money Back
11175,2012-06-09,at ipsum ac tellus semper interdum mauris ullamcorper purus sit amet nulla,Money Back
11176,2012-02-29,luctus et ultrices posuere cubilia curae nulla dapibus dolor vel est donec odio justo sollicitudin ut suscipit,Money Back
11177,2013-04-24,,Money Back
11178,2014-07-05,non quam nec dui luctus rutrum nulla tellus in,Exchange
11179,2014-06-14,platea dictumst aliquam augue quam sollicitudin,Money Back
11180,2015-09-30,morbi vestibulum velit id pretium iaculis diam erat fermentum justo nec condimentum neque sapien placerat ante nulla justo aliquam quis,Exchange
11181,2013-05-31,justo in blandit ultrices enim,Exchange
11182,2014-06-29,magna ac consequat metus sapien ut nunc vestibulum ante ipsum,Exchange
11183,2014-09-08,enim in tempor turpis nec euismod scelerisque quam turpis adipiscing lorem vitae mattis nibh ligula nec sem duis aliquam convallis,Money Back
11184,2014-12-06,,Exchange
11185,2012-01-28,luctus rutrum nulla tellus in sagittis dui vel nisl duis ac nibh fusce lacus purus aliquet at feugiat non,Money Back
11186,2014-07-16,metus aenean fermentum donec ut mauris,Exchange
11187,2015-10-21,varius ut blandit non interdum in ante,Money Back
11188,2012-03-22,ultrices vel augue vestibulum ante ipsum primis in,Money Back
11189,2015-01-07,suscipit a feugiat et eros vestibulum ac est lacinia nisi venenatis tristique,Money Back
11190,2014-07-17,aenean sit amet justo morbi ut odio cras mi pede malesuada in imperdiet et commodo vulputate,Money Back
11191,2014-12-18,,Exchange
11192,2013-06-06,eget elit sodales scelerisque mauris sit amet eros suspendisse accumsan tortor quis turpis sed ante vivamus,Exchange
11193,2013-10-14,sapien ut nunc vestibulum ante ipsum primis in faucibus orci luctus,Money Back
11194,2014-03-14,tellus semper interdum mauris ullamcorper purus sit amet nulla quisque arcu,Money Back
11195,2015-07-09,nulla ut erat id mauris,Exchange
11196,2014-12-03,eu sapien cursus vestibulum proin eu mi nulla ac enim in tempor turpis nec,Money Back
11197,2012-05-18,pellentesque at nulla suspendisse potenti cras in,Money Back
11198,2015-04-10,dolor vel est donec odio justo sollicitudin ut suscipit a,Money Back
11199,2012-04-14,eu est congue elementum in hac habitasse platea dictumst morbi vestibulum velit id pretium iaculis diam erat fermentum justo nec,Money Back
11200,2012-07-05,luctus et ultrices posuere cubilia curae duis faucibus accumsan odio curabitur convallis duis consequat dui,Exchange
11201,2012-03-11,vestibulum ante ipsum primis in faucibus orci luctus et,Exchange
11202,2015-06-15,consequat morbi a ipsum integer a nibh in quis justo maecenas rhoncus aliquam lacus morbi quis tortor id,Exchange
11203,2012-08-10,amet erat nulla tempus vivamus in felis eu sapien cursus vestibulum proin eu mi nulla ac enim,Exchange
11204,2012-05-29,eget elit sodales scelerisque mauris sit amet eros suspendisse accumsan tortor quis turpis sed ante vivamus,Exchange
11205,2015-08-03,posuere cubilia curae nulla dapibus dolor vel est donec odio justo sollicitudin ut suscipit a feugiat et eros,Exchange
11206,2012-01-06,integer non velit donec diam neque vestibulum eget vulputate ut ultrices vel augue vestibulum ante,Exchange
11207,2013-08-23,justo eu massa donec dapibus duis at velit eu est congue elementum in hac habitasse platea dictumst morbi vestibulum,Money Back
11208,2012-07-18,,Exchange
11209,2013-08-27,pede ullamcorper augue a suscipit nulla elit ac nulla sed vel enim sit amet,Exchange
11210,2015-04-05,quam suspendisse potenti nullam porttitor lacus at turpis donec posuere metus vitae ipsum,Money Back
