Name,Address
Julie Moreno,1 Donald Park
Christina Day,53543 Hooker Way
Frank Baker,572 Morningstar Trail
Michelle Thompson,07 Namekagon Terrace
Arthur Richards,5 Macpherson Alley
James Berry,5 Dawn Court
Rachel Morris,54181 Evergreen Point
Mark Gonzales,29 Holmberg Place
Fred Crawford,277 Old Shore Terrace
Willie Cooper,6 Acker Court
Jonathan Roberts,48837 Ilene Hill
Terry Rice,8611 Fulton Point
Steve Burton,508 Barby Center
Sandra Marshall,8496 Dayton Parkway
Andrea Hansen,031 Buell Hill
Angela Richardson,330 Darwin Street
Carlos Nguyen,753 Eagle Crest Circle
Earl Fowler,74 Ilene Court
Paula Torres,6 Kings Plaza
Brandon Campbell,9 Harbort Alley
Katherine Holmes,9989 Sutherland Pass
Marilyn Williamson,1008 Village Green Street
Nicole Stanley,9 Arkansas Plaza
Timothy Cooper,95 Sherman Point
George Parker,636 Vahlen Terrace
Christine Martinez,8182 Quincy Place
Virginia Johnston,99 Eliot Circle
Jose Shaw,38 Sutteridge Junction
Lillian Bennett,3 Dorton Drive
Kevin Murphy,0855 Vidon Road
Jean Torres,90 Messerschmidt Court
Melissa Warren,02983 Bowman Crossing
Lori Gordon,8662 Elgar Place
Lillian Crawford,084 Columbus Place
Robin Henderson,1 7th Circle
Louise Austin,45091 Dixon Trail
Rebecca Hayes,392 Kinsman Terrace
Michael Clark,008 Nova Place
Patrick Ross,2 Almo Hill
Gerald Miller,7 Village Alley
Carol Wheeler,8199 Sauthoff Parkway
Craig Reynolds,22683 Gerald Terrace
Steven Andrews,18668 Prairieview Crossing
Jesse Fox,1851 Cody Hill
Raymond Pierce,45897 Pepper Wood Way
Brian Wilson,71905 Roxbury Lane
Virginia Olson,883 Grim Pass
Harry Hall,9559 Warner Junction
Tammy King,176 Kingsford Point
Craig Watson,12 Mesta Avenue
Gary Kelley,61148 Northland Drive
Richard Berry,96 Delaware Terrace
Brian Peters,970 Sheridan Street
Joe Cunningham,8219 Bayside Plaza
Kathryn Morales,78 Sutteridge Terrace
Harry King,21 Anderson Drive
Charles Watkins,738 Bobwhite Place
Johnny Hughes,50264 Farwell Lane
Ernest Perkins,02 Kedzie Point
Craig Mccoy,4 Fallview Crossing
Julie Fowler,380 Stoughton Lane
Dorothy Bailey,24 Shopko Point
Barbara Peterson,1124 Upham Way
Sara Green,8 Schurz Drive
Randy Williams,46 Morningstar Trail
Marie Robertson,0 Erie Avenue
Sharon Ortiz,8 Harbort Center
Charles Sanchez,678 Columbus Way
Susan Diaz,1392 Golden Leaf Drive
Elizabeth Hudson,0159 Parkside Pass
Earl Perez,00 Almo Parkway
Janet Cunningham,80 Havey Lane
Scott Myers,58 Pleasure Center
Virginia Gray,06713 Di Loreto Way
Steve Warren,7167 Jenifer Pass
Lois Williamson,4 Mandrake Pass
Jose Webb,67 Gerald Crossing
Diana Stewart,16766 Maryland Road
Joseph Hill,1 Northport Parkway
Bobby Hanson,16 Petterle Junction
Ann Thompson,56 Glacier Hill Alley
Jean Hunt,3722 Lawn Park
David Fields,272 Golf Course Avenue
Adam Harvey,35 Luster Road
Matthew Washington,74631 Ridgeway Trail
Tammy Perez,7 Pawling Point
Amy Matthews,3 Ronald Regan Trail
Catherine Morris,49702 Del Sol Park
Deborah Cooper,2 Fisk Circle
Norma Chavez,244 Southridge Way
Adam Duncan,58 Erie Pass
Lillian Bowman,49666 Kedzie Road
Jessica Harvey,47 Gateway Plaza
Carl Castillo,33 Bay Point
James Romero,707 Bluejay Road
Ashley Gutierrez,85 Northwestern Park
Barbara James,99 Westend Road
Jonathan Wheeler,46616 Kenwood Pass
Ralph Fuller,89989 Manitowish Trail
William Nguyen,49097 South Park
Thomas Bennett,36 Main Hill
Jeremy Hunt,269 Delladonna Trail
William Ross,3 Memorial Center
Marie Jones,0 Northwestern Alley
Jeffrey Lewis,78795 Mccormick Way
Lawrence Green,5 Canary Avenue
Stephen Fox,8429 Clyde Gallagher Crossing
Lillian Griffin,4 Briar Crest Parkway
Mildred Dixon,8152 Surrey Court
Russell Patterson,72 Wayridge Circle
Lisa Bennett,1 Katie Pass
Sarah Chapman,319 Meadow Ridge Pass
Lois Walker,76 Chinook Avenue
Jesse Dunn,4 Oriole Park
Susan Cunningham,67008 Laurel Park
Nicole Willis,132 Mcbride Place
Sandra Andrews,9679 Arapahoe Junction
Martha Wood,9 Fordem Hill
Steve Shaw,28 Fairfield Circle
Judith Kim,68 Fulton Parkway
Douglas Nichols,5884 Forest Dale Plaza
Evelyn Ellis,1299 Buhler Place
Sandra Ramirez,83 Buhler Pass
Randy Diaz,48092 3rd Court
Virginia Russell,34685 Mayfield Court
Terry Daniels,0 Eastwood Park
Kevin Murphy,58 Dunning Place
Michael Martinez,28363 Gateway Road
Annie Stewart,5093 Old Shore Drive
Craig Wagner,63 Tennyson Circle
Juan Meyer,881 Colorado Park
Wayne Barnes,1269 Raven Parkway
David Gibson,5787 Di Loreto Road
Kimberly Baker,4 Mendota Circle
Phillip Diaz,85065 Veith Way
Shawn Riley,35787 Redwing Point
Rebecca Diaz,80 Green Ridge Hill
Debra Kim,6857 Monterey Avenue
Christina Webb,8 Stephen Point
Alice Chavez,7 1st Plaza
Alan Cooper,9655 Haas Point
Aaron Scott,79213 8th Point
Diane Green,5736 Dapin Drive
Sean Patterson,62016 Gerald Drive
Jennifer Grant,4622 Milwaukee Hill
Janice Grant,0 Forest Run Junction
Karen Castillo,2 Melvin Hill
Ann Harvey,83488 Daystar Court
Roy Olson,46 Alpine Center
Virginia Wilson,050 Birchwood Road
Rebecca Watson,650 Fairfield Point
Gerald Wallace,29240 Atwood Trail
Carolyn Mills,20273 Farragut Court
Eugene Snyder,9 Esker Lane
Todd Hansen,72 Marquette Street
Nicholas Kelly,61708 Thackeray Terrace
Bonnie Harris,7 Morrow Way
Karen Murphy,99 Hazelcrest Court
Martin Morrison,153 Clarendon Avenue
Rebecca Rose,18452 Laurel Park
Donald Mendoza,21590 Grover Court
Julia Romero,90 Ridge Oak Park
Rose Medina,839 Elka Parkway
Debra Weaver,22694 Elka Park
Jennifer Adams,9720 Utah Center
Jerry West,12416 Doe Crossing Road
Ralph Phillips,950 Starling Street
Nancy Murray,53477 Warner Street
Kelly Barnes,4 Lawn Plaza
Nicole Black,46780 Park Meadow Avenue
Gregory Hansen,07 Grover Drive
Virginia Jordan,631 Hanover Street
Ryan Robinson,6375 Talisman Street
Joshua Sims,0993 Bayside Terrace
Fred Hunter,762 Roth Road
Jason Moreno,280 Rowland Court
Gary Romero,31 Southridge Way
Chris Chapman,12583 Johnson Court
Earl Turner,71 Cherokee Trail
Judith Gilbert,3 Maple Wood Center
Wanda Roberts,87 5th Place
Virginia Long,22 8th Place
Diane Sullivan,19664 Bashford Junction
Janice Gordon,62593 Schurz Junction
Michelle Romero,6 Continental Circle
Kathryn Riley,221 Kedzie Terrace
Jimmy Howell,939 Ridge Oak Hill
Juan Reyes,82305 Atwood Center
Albert Spencer,69099 Maple Wood Avenue
Michael Wagner,13674 Daystar Court
Daniel Stone,8 Sugar Drive
Paula Stevens,3901 Cody Street
Raymond Stephens,9 Bayside Pass
Jason Miller,355 Kinsman Pass
Lawrence Harvey,493 1st Point
Margaret Hamilton,7 Del Sol Point
Harry Watson,30304 Oxford Crossing
Amy Lopez,67893 Pleasure Drive
Rachel Romero,13 Mcguire Road
Heather Davis,5 Ramsey Terrace
Paula Fernandez,2 Maple Parkway
Shirley Jones,1174 Lighthouse Bay Junction
Raymond Willis,37368 Dayton Parkway
Jack Nelson,5779 Sycamore Avenue
Scott Evans,20673 Northwestern Way
Jesse Ruiz,98899 Schurz Drive
Earl Watson,6677 Melvin Point
Emily Wheeler,93073 Ruskin Center
Donna Ramos,6 Waywood Court
Kenneth Duncan,7119 Pepper Wood Park
Bruce Murphy,00 Novick Alley
Debra Perry,2250 Doe Crossing Hill
Randy Elliott,80739 Maple Wood Crossing
Chris Foster,89 Everett Center
Judy Watson,502 Orin Street
Annie Crawford,303 Portage Plaza
Pamela Larson,31 Grayhawk Junction
Kenneth Day,9 Bowman Point
Douglas Dixon,33 Boyd Lane
Antonio Banks,8604 Oxford Avenue
Evelyn Day,38662 Summit Drive
Richard Lane,3673 Schlimgen Hill
Raymond Flores,21760 Mcguire Park
Deborah Coleman,7791 Cottonwood Street
Andrea Greene,54 Luster Street
Douglas Vasquez,6 Lakewood Junction
Ronald Rogers,21 Tony Pass
Carol Green,48 Dahle Point
Louis Larson,88 Toban Drive
Edward Harrison,2713 Old Gate Circle
Lois Wright,7581 Fairfield Circle
Theresa Andrews,65 Pennsylvania Trail
Billy Armstrong,416 Corry Circle
Sara Chavez,6705 Dennis Hill
Carolyn Bennett,46963 Dayton Junction
Harold Spencer,55 Farwell Hill
Ernest Woods,52 Charing Cross Terrace
Louis Mason,2 Erie Park
Antonio Campbell,5093 Pond Circle
Daniel Howard,5 Merchant Center
Jacqueline Hicks,663 Meadow Valley Plaza
Johnny Freeman,91 Forster Crossing
Sarah Foster,8 Swallow Court
James Patterson,998 Memorial Road
Angela Cooper,811 Meadow Vale Court
Judy Moreno,96 Hayes Avenue
Jason Barnes,732 Meadow Ridge Parkway
Justin Gonzalez,53607 Independence Terrace
Patrick Bell,5828 Victoria Road
Victor Lopez,04 Oneill Park
Anthony Duncan,93077 Carberry Pass
Walter Hicks,2279 Manitowish Place
Gloria Morgan,3006 Eastlawn Hill
Jane Lane,73 Scott Lane
Jean Foster,566 Elka Hill
Aaron Gray,1 Anniversary Way
Sandra Ray,87807 Bluejay Avenue
Johnny Dixon,28 Anderson Circle
Rachel Bowman,871 Beilfuss Pass
William Hughes,167 Wayridge Parkway
Gregory Robertson,2752 Novick Park
Rachel Cunningham,0 Waywood Point
Joan Hudson,71723 Del Sol Avenue
Maria Gardner,425 Mccormick Park
Beverly Castillo,5195 Meadow Valley Place
Jane Gray,30 Jana Court
Donald Flores,622 Lyons Circle
Gerald Tucker,1 Bultman Trail
John Price,52647 Hoffman Drive
Joseph Scott,6144 Melrose Terrace
Steve Simpson,27 Sunbrook Avenue
Fred Fernandez,0542 Summerview Place
Ann Ford,03 Coleman Alley
Melissa Dean,45 Graedel Center
Jason Wells,222 Reindahl Circle
Willie Gonzalez,7 School Circle
Patrick Bowman,0603 Holmberg Street
Virginia Payne,613 Graedel Crossing
Joyce Elliott,1137 Coolidge Drive
Terry Cooper,248 Marquette Alley
Virginia Holmes,02 Loomis Alley
Evelyn Jones,60 Hoard Way
Stephen Webb,971 Manitowish Park
Shawn Howard,149 Stone Corner Park
Joshua Taylor,66 Tomscot Crossing
Michelle Elliott,5 Hoard Place
Patricia Evans,00 Veith Crossing
Anne Alexander,2655 Fairview Way
Juan Moore,2806 Golf View Way
Teresa Palmer,6129 Carioca Point
Jesse Thompson,740 Autumn Leaf Plaza
Donald Morgan,21924 Brentwood Place
Rose Ferguson,095 David Terrace
Julia Ruiz,292 Bunting Road
Debra Flores,618 Arrowood Junction
Doris Gordon,259 Graedel Parkway
Adam Medina,0920 Swallow Center
Johnny White,0 Basil Street
Cynthia Johnson,40 Dixon Court
Carlos Taylor,24191 Algoma Parkway
Gregory Gibson,9699 Charing Cross Parkway
Debra Sims,27 Fairfield Terrace
Dennis Berry,744 Melvin Hill
Lori Torres,96615 Village Center
Anne Green,598 Grasskamp Avenue
Ronald Gilbert,05 Monterey Center
Albert Scott,1093 Clemons Center
Denise Campbell,83 Rigney Point
Larry Martin,8804 Sunfield Alley
Rachel Watkins,85 Atwood Lane
Michelle Rice,6074 Wayridge Road
Charles Jenkins,00 Express Court
Anne Washington,92 Del Sol Lane
Joshua Flores,214 Chive Crossing
Richard Lopez,5237 Sloan Hill
Craig Johnson,13 Fairfield Alley
Jane Rice,5 Oneill Lane
Elizabeth Olson,57 Weeping Birch Point
Janice Gonzales,756 Dennis Circle
Christina Medina,14327 Old Shore Place
Betty Hunter,11 Jay Street
Ernest White,7208 Debra Point
David Perkins,0 8th Road
Joe Walker,0847 Susan Plaza
William Murray,4436 Rowland Parkway
Russell Russell,6 Bluejay Drive
Albert Nelson,719 Colorado Point
Carolyn Ramirez,2048 Evergreen Circle
Antonio Bishop,5865 Loftsgordon Court
Christine Nguyen,32084 Warner Drive
Rachel Perez,586 Fieldstone Drive
Andrew Hamilton,5574 Blaine Way
Amy Gordon,1 Melrose Terrace
Phyllis Dunn,0 John Wall Junction
Deborah Howard,859 David Avenue
Angela Stone,14475 Elgar Terrace
Matthew Moreno,60 Lakeland Street
Mark Fuller,07 Susan Circle
Howard Ryan,52433 Hanover Point
Doris Jacobs,69 Bashford Place
Albert Alexander,13 American Ash Place
Sara Coleman,0256 Sullivan Lane
Chris Porter,3361 Sunfield Way
Walter Hicks,8 Pepper Wood Parkway
Phillip Turner,3783 Hazelcrest Circle
Virginia Lopez,397 Blackbird Center
Antonio Larson,7353 Bobwhite Park
Bonnie Butler,32693 Ruskin Street
Jeremy Gomez,07476 Independence Court
Cheryl Johnson,70 Hanover Hill
Ryan Sullivan,47 Dennis Park
Andrea Ward,6936 Grim Hill
Andrew Jackson,0464 Erie Street
Elizabeth Howell,152 Mariners Cove Street
Beverly Jordan,21856 Arkansas Plaza
Dorothy Daniels,4017 Waxwing Court
Anthony Welch,6 Main Place
David Lane,8752 Sunfield Avenue
Paul Gonzales,9358 Lighthouse Bay Terrace
Benjamin Fowler,092 Del Sol Lane
Dennis Vasquez,29931 Pond Court
Andrea Moore,22400 Fairview Park
Rose Watkins,2480 Jay Plaza
Joyce Little,8 Red Cloud Drive
Patricia Thompson,0 Jackson Avenue
Brenda Hall,11978 8th Way
Janet Fuller,58121 Fremont Park
Michael Patterson,26 Bultman Point
Judy Burns,21222 Novick Trail
Stephen Washington,8 Center Crossing
Joyce Garza,0 Kings Terrace
Paula Warren,56986 Goodland Parkway
Alice Stanley,72 Bowman Hill
Elizabeth Gonzales,4287 Dixon Terrace
Jerry Harris,78515 Commercial Alley
Sandra Moreno,8 Milwaukee Pass
Steve Wood,83 Marquette Point
Kathy Gonzales,18 Spenser Circle
Andrew Allen,44241 Bartillon Way
Todd Roberts,81 Manley Junction
Matthew Murphy,73 Oxford Pass
Judith Campbell,465 Walton Circle
Harold Stanley,01 Jay Way
Marilyn Murphy,3938 Eagle Crest Drive
Wanda Fisher,2646 Parkside Park
Dorothy Williamson,54035 Buell Way
Paula Gomez,68575 Ruskin Junction
Jean Lynch,29 Bluestem Street
Brandon Torres,2 Coolidge Plaza
Roger Elliott,0727 Bunker Hill Way
Jack Rose,83 Hoard Center
Joseph Lynch,33 Esch Court
Richard Perry,8130 Tomscot Parkway
Joe Spencer,7969 Stephen Alley
Judith Long,204 Prairieview Drive
Thomas Hart,900 East Trail
Judy Alexander,4 Burrows Crossing
Paula Rose,83084 Oak Place
Janice Fernandez,07530 Lien Crossing
Susan Simmons,92 Petterle Hill
Roy Stone,5 Fieldstone Crossing
Todd Jenkins,81567 Harper Junction
Samuel Taylor,9 Reindahl Parkway
David Kennedy,48 Mesta Road
Gerald Young,5672 Old Shore Alley
Harry Turner,106 Fremont Court
Jacqueline Campbell,820 Erie Center
James Morris,44978 Larry Crossing
Sean Greene,6628 Fieldstone Terrace
Bobby Lewis,2622 Cottonwood Lane
Patrick Black,40 5th Terrace
Albert Palmer,18409 Bunting Junction
Linda Flores,830 Sloan Parkway
Willie Johnson,95 Ronald Regan Parkway
Ryan Crawford,041 New Castle Trail
William Price,9 Killdeer Alley
Jeremy Ford,23042 Upham Point
Rose Perkins,2 Twin Pines Plaza
Gerald Evans,26697 Waubesa Point
Jane Powell,357 Mitchell Trail
Doris Burns,10 Grasskamp Road
Cynthia Robertson,79 Messerschmidt Parkway
Earl Hawkins,1 Shasta Court
Donald Foster,05316 Maryland Street
Christina Sims,03804 Rigney Circle
Theresa Larson,58358 Anderson Junction
Steve Fuller,48237 Mcguire Alley
Robin Garza,694 Vidon Lane
Jack Alvarez,1844 Lindbergh Pass
Wayne Garcia,42593 Amoth Crossing
Steve Tucker,655 Everett Lane
Diane Nichols,99398 Almo Lane
Patricia Cunningham,6 Lake View Trail
Diane Fields,30470 Heath Point
Ralph Dunn,26602 4th Drive
Brandon Stone,1 Eliot Avenue
Andrew Gordon,2 Hovde Terrace
Sharon Howard,5 Bobwhite Parkway
Emily Ellis,76 Veith Drive
Randy White,04 Union Place
Jimmy Vasquez,7 Shelley Drive
Laura Hunter,3717 Milwaukee Court
Mildred Mcdonald,3 Randy Place
Julie Day,77 Prentice Circle
Karen Franklin,53 Towne Drive
Patricia Johnston,5 Drewry Center
Michelle Lawson,26909 Farragut Plaza
Maria Oliver,002 Vernon Alley
Lisa Lee,5652 Rockefeller Lane
Alan Frazier,4 Saint Paul Plaza
Beverly Morgan,8002 Autumn Leaf Drive
Joshua Ramirez,504 Kipling Way
Kenneth Smith,92 Bartelt Parkway
Rose Smith,3 Maple Wood Place
Keith Cruz,4 Waywood Trail
Bobby Knight,15802 Katie Plaza
Marilyn Fuller,47 Blaine Street
Gary Scott,3334 John Wall Circle
Edward Crawford,029 Valley Edge Avenue
Paula Baker,10 Bonner Road
Eric Carroll,1 Summit Pass
Virginia Cole,70646 Park Meadow Point
Bonnie Wells,81594 Troy Pass
Jerry Martinez,7 Eagle Crest Junction
Daniel Butler,3870 Colorado Parkway
Debra Robertson,8993 Debs Circle
Janet Hansen,841 Marcy Park
Karen Gibson,2644 Prentice Avenue
Norma Mitchell,9 Commercial Parkway
Helen Miller,5864 Dapin Park
Rachel Chapman,84 Farmco Parkway
Bonnie Lee,85957 Pleasure Place
Gloria Montgomery,0781 Lien Circle
Brian Frazier,9 Forest Dale Parkway
Martha Bennett,32 Muir Hill
Carlos Hughes,6 Morningstar Parkway
Patricia Franklin,48714 Mayer Road
Joan Spencer,7903 Leroy Way
Betty Hawkins,566 Sunbrook Lane
Laura Clark,3 Prairie Rose Parkway
Paula Harris,976 Golf View Trail
Todd Cooper,78 Stoughton Court
Stephanie Ruiz,133 Bunker Hill Park
Jean Carroll,2 Kingsford Terrace
Richard Elliott,352 Banding Circle
Kevin Harris,2212 Del Mar Plaza
Janet Griffin,7084 Norway Maple Park
Kathleen Washington,76523 Birchwood Alley
Patricia Jordan,14593 Clove Drive
Marie White,64644 Packers Way
Tina Rice,0 Spenser Trail
Cheryl Mccoy,828 Hovde Terrace
Jesse Ellis,3 Forster Court
Roy Wells,330 Golf Course Junction
Wanda Peterson,83 Cordelia Place
Ann Austin,5 Kenwood Terrace
Alice Russell,65139 Hagan Lane
Roy Black,29 Katie Court
Betty Chavez,943 Lindbergh Road
Catherine Hicks,87215 Lien Place
Eric Kennedy,60244 Columbus Center
Ernest Richards,9 Declaration Road
Arthur Stone,93583 Brickson Park Road
Amy Alvarez,4588 Sutherland Terrace
Annie Reid,0564 Reinke Park
Doris Green,9 Forest Dale Terrace
Jimmy Griffin,50628 South Lane
Joan Snyder,0 Quincy Junction
Phyllis Allen,6 Westerfield Terrace
Gregory Martinez,1 Lunder Circle
Emily Fowler,5982 Fordem Place
Michael Grant,18104 Independence Terrace
Jennifer Bowman,687 Weeping Birch Alley
Judith Jordan,709 2nd Center
Amy Burns,4399 Texas Parkway
Joseph Frazier,869 Delaware Hill
Carolyn Howell,0 Artisan Terrace
Kathryn Harper,3 Anniversary Lane
Lillian Adams,5338 Monument Circle
Arthur Ford,865 Elka Way
Wanda Grant,97813 High Crossing Alley
Marilyn Dixon,9 Kings Street
Charles Mitchell,38 Northwestern Terrace
Gary Dixon,385 Maryland Circle
Fred Gilbert,76527 Trailsway Alley
Justin Ray,3 Lake View Road
Kenneth Banks,0 Eagle Crest Parkway
Alan Campbell,80971 Pepper Wood Junction
Rose Chapman,66 Shoshone Court
Julia Parker,130 Vermont Parkway
Beverly Rose,6 Eliot Court
Gregory Lawrence,8 Pennsylvania Crossing
Jonathan Coleman,72109 Gerald Junction
Cheryl Dean,2159 Delladonna Terrace
Wayne Gutierrez,8 Springview Pass
Ann Burns,52769 Graceland Junction
Benjamin Cole,4991 Hooker Way
Jeffrey Gray,4 Del Sol Park
Louise Hamilton,3552 Kinsman Court
Joan Little,3 Dunning Hill
Amy Johnston,5374 Stoughton Junction
Ryan Ross,36 Fulton Street
Barbara Russell,80927 Dixon Hill
Thomas Duncan,53 Barby Point
Lois Oliver,15 Annamark Junction
Gerald Gordon,77536 Mcguire Drive
Chris Myers,90 Columbus Place
Katherine Rogers,613 Sage Center
Matthew Reyes,553 Chinook Place
John Jenkins,526 Pankratz Point
Paula Martin,7066 Golden Leaf Park
Helen Hunt,3 Schmedeman Park
Sean Rose,9 Carey Way
Linda Gordon,585 Hansons Plaza
Joshua Reyes,09174 Knutson Circle
Frances Hughes,27 Saint Paul Hill
Daniel Black,40790 Transport Place
Julie Wright,9 Judy Trail
Evelyn Simpson,27376 Waubesa Hill
Theresa Day,14609 Mandrake Terrace
Sandra Stone,37 Eastwood Drive
Gerald Jacobs,1332 Stephen Point
Debra Collins,42 Messerschmidt Drive
Philip Henderson,92 Hoffman Plaza
Wanda Washington,2296 Talmadge Alley
Janet Rogers,64461 Brickson Park Crossing
Raymond Cox,9224 Thackeray Crossing
Stephen Schmidt,1209 Grover Park
Carl Alexander,0 Northland Circle
Antonio Morgan,899 Nelson Road
Susan Garza,3612 Straubel Crossing
Sean Ross,760 Stang Circle
Heather Banks,4676 Weeping Birch Parkway
Margaret Garcia,9290 Mayer Way
Martha Long,277 Larry Parkway
Irene Mcdonald,83 Monica Park
Evelyn Perkins,4300 Judy Junction
Shirley Hughes,8742 Sycamore Hill
Melissa Carpenter,32793 Warrior Drive
Annie James,75877 Forest Run Hill
Terry Richardson,29 Ludington Hill
Jeffrey Richards,9 Buena Vista Lane
Christopher Nguyen,2 Hudson Way
Rebecca Smith,5 Spohn Lane
Gregory Elliott,79418 Grayhawk Center
Lois Willis,75250 Kensington Crossing
Frances Alexander,3 Buell Drive
Bonnie Porter,105 Bowman Center
Joan Burton,34868 Pawling Crossing
Teresa Richardson,6153 Graedel Lane
Todd Shaw,69695 East Crossing
Martin Howard,931 Melby Hill
Billy Miller,807 Hagan Alley
Diane Pierce,42468 Melody Place
Anna Price,247 Alpine Trail
Kevin Ford,786 Union Crossing
Kelly Stewart,29549 Northwestern Drive
Henry Stanley,49181 North Way
Steven Duncan,54601 Londonderry Street
Harry Russell,027 Dryden Street