Name,Address
Eric Kennedy,60244 Columbus Center
Ernest Richards,9 Declaration Road
Arthur Stone,93583 Brickson Park Road
Carolyn Patterson,61 Shoshone Way
Craig Nichols,5 Mockingbird Drive
Lisa Howard,9 Service Pass
Ann Webb,44 Arapahoe Trail
Mildred Wood,85 Sommers Circle
Roger Shaw,35 Chinook Trail
Brandon Washington,8 Onsgard Crossing
Judy Kelly,02 Donald Pass
Billy Porter,3752 Roxbury Trail
Patricia Willis,0802 Randy Parkway
Joyce Reyes,517 Pine View Road
Craig Mills,8614 Forest Street
Denise Burton,17532 Anthes Parkway
Terry Price,390 Oakridge Crossing
Albert Ross,87573 Rieder Plaza
Frances Franklin,935 Killdeer Pass
Roger Price,062 Mendota Plaza
Sarah Ruiz,3 Annamark Hill
Andrew Snyder,17 Merry Park
Margaret Chapman,50 Kennedy Junction
Evelyn Davis,80231 Ridge Oak Terrace
Roy Griffin,15316 Briar Crest Hill
Mary Harper,9 Transport Pass
Cynthia Dunn,8350 Surrey Avenue
Steven Young,07247 Loftsgordon Crossing
Todd Greene,95 Nevada Center
Gary Watson,03 Pepper Wood Trail
Carol Payne,222 Kim Alley
Christina Sims,11 Park Meadow Avenue
Joseph Montgomery,820 Green Ridge Crossing
Joshua Hansen,86 Graedel Court
Robert Miller,2 Shoshone Lane
Alan Nelson,7071 Memorial Alley
Dennis Castillo,99965 Montana Terrace
Virginia Fernandez,30668 Center Place
Peter Alexander,7 Pennsylvania Center
Ruth Cox,9363 Northview Avenue
Kathleen Patterson,2400 Vahlen Drive
Dennis Kennedy,1 La Follette Alley
Bobby Morris,827 Kropf Parkway
Amy Harper,62 Bartelt Place
Susan Kennedy,65 Schlimgen Center
Earl Perez,59842 Portage Crossing
Anne Harris,91121 Nevada Terrace
Jimmy Cruz,04619 Rieder Street
Jose Hansen,806 Porter Way
Martin Kelley,48 Park Meadow Trail
Jerry Mills,63805 Doe Crossing Trail
Pamela Rose,34545 Independence Road
Antonio Ferguson,31152 Hoepker Hill
Judith Lewis,1968 Esch Trail
Amy Alvarez,4588 Sutherland Terrace
Annie Reid,0564 Reinke Park
Doris Green,9 Forest Dale Terrace
Jimmy Griffin,50628 South Lane
Joan Snyder,0 Quincy Junction
Phyllis Allen,6 Westerfield Terrace
Gregory Martinez,1 Lunder Circle
Emily Fowler,5982 Fordem Place
Michael Grant,18104 Independence Terrace
Jennifer Bowman,687 Weeping Birch Alley
Judith Jordan,709 2nd Center
Amy Burns,4399 Texas Parkway
Joseph Frazier,869 Delaware Hill
Carolyn Howell,0 Artisan Terrace
Kathryn Harper,3 Anniversary Lane
Lillian Adams,5338 Monument Circle
Arthur Ford,865 Elka Way
Wanda Grant,97813 High Crossing Alley
Marilyn Dixon,9 Kings Street
Charles Mitchell,38 Northwestern Terrace
Gary Dixon,385 Maryland Circle
Fred Gilbert,76527 Trailsway Alley
Justin Ray,3 Lake View Road
Kenneth Banks,0 Eagle Crest Parkway
Alan Campbell,80971 Pepper Wood Junction
Rose Chapman,66 Shoshone Court
Julia Parker,130 Vermont Parkway
Beverly Rose,6 Eliot Court
Gregory Lawrence,8 Pennsylvania Crossing
Jonathan Coleman,72109 Gerald Junction
Cheryl Dean,2159 Delladonna Terrace
Wayne Gutierrez,8 Springview Pass
Ann Burns,52769 Graceland Junction
Benjamin Cole,4991 Hooker Way
Jeffrey Gray,4 Del Sol Park
Louise Hamilton,3552 Kinsman Court
Joan Little,3 Dunning Hill
Amy Johnston,5374 Stoughton Junction
Ryan Ross,36 Fulton Street
Barbara Russell,80927 Dixon Hill
Thomas Duncan,53 Barby Point
Lois Oliver,15 Annamark Junction
Gerald Gordon,77536 Mcguire Drive
Chris Myers,90 Columbus Place
Katherine Rogers,613 Sage Center
Matthew Reyes,553 Chinook Place
John Jenkins,526 Pankratz Point
Paula Martin,7066 Golden Leaf Park
Helen Hunt,3 Schmedeman Park
Sean Rose,9 Carey Way
Linda Gordon,585 Hansons Plaza
Joshua Reyes,09174 Knutson Circle
Frances Hughes,27 Saint Paul Hill
Daniel Black,40790 Transport Place
Julie Wright,9 Judy Trail
Evelyn Simpson,27376 Waubesa Hill
Theresa Day,14609 Mandrake Terrace
Sandra Stone,37 Eastwood Drive
Gerald Jacobs,1332 Stephen Point
Debra Collins,42 Messerschmidt Drive
Adam Peters,9 Hansons Crossing
Gerald King,65696 East Drive
Andrew Hanson,34710 Continental Trail
Ruby Day,7998 Transport Circle
Catherine Stewart,92 Porter Alley
Wanda Robinson,0 Park Meadow Place
Sara Burns,82253 Morning Way
Doris Murphy,3 Hudson Pass
Ernest Gordon,75 Homewood Trail
Philip Henderson,92 Hoffman Plaza
Wanda Washington,2296 Talmadge Alley
Janet Rogers,64461 Brickson Park Crossing
Raymond Cox,9224 Thackeray Crossing
Stephen Schmidt,1209 Grover Park
Carl Alexander,0 Northland Circle
Antonio Morgan,899 Nelson Road
Susan Garza,3612 Straubel Crossing
Sean Ross,760 Stang Circle
Heather Banks,4676 Weeping Birch Parkway
Margaret Garcia,9290 Mayer Way
Matthew Fuller,9328 Oneill Terrace
Kimberly Hawkins,0365 Monica Court
Daniel Sims,147 Esch Center
Aaron Taylor,03 Bunting Pass
Kathy Hunt,335 Merchant Point
Peter Hayes,23 Vernon Junction
Martha Long,277 Larry Parkway
Karen Bell,2 Delaware Court
Sandra Murphy,6175 Hazelcrest Trail
George Sullivan,5 High Crossing Pass
Norma Rogers,9326 Buhler Crossing
Anne Sullivan,8863 Oak Center
Julie Perry,967 Forster Avenue
Ronald Cox,98 Stuart Drive
Brandon Fuller,888 Sutteridge Park
Frances Clark,80 Barnett Way
Juan Morris,9942 Merrick Street
Kathleen Mcdonald,695 Ilene Trail
Theresa King,2214 Schlimgen Parkway
Alice Cooper,53302 Helena Plaza
Patrick Carter,5 Farwell Trail
Stephanie Garrett,542 Amoth Place
Jessica White,1995 Banding Drive
Chris Robertson,580 Gateway Terrace
Irene Mcdonald,83 Monica Park
Evelyn Perkins,4300 Judy Junction
Shirley Hughes,8742 Sycamore Hill
Melissa Carpenter,32793 Warrior Drive
Annie James,75877 Forest Run Hill
Terry Richardson,29 Ludington Hill
Jeffrey Richards,9 Buena Vista Lane
Christopher Nguyen,2 Hudson Way
Rebecca Smith,5 Spohn Lane
Gregory Elliott,79418 Grayhawk Center
Lois Willis,75250 Kensington Crossing
Frances Alexander,3 Buell Drive
Bonnie Porter,105 Bowman Center
Joan Burton,34868 Pawling Crossing
Teresa Richardson,6153 Graedel Lane
Todd Shaw,69695 East Crossing
Martin Howard,931 Melby Hill
Billy Miller,807 Hagan Alley
Diane Pierce,42468 Melody Place
Anna Price,247 Alpine Trail
Kevin Ford,786 Union Crossing
Kelly Stewart,29549 Northwestern Drive
Henry Stanley,49181 North Way
Steven Duncan,54601 Londonderry Street
Harry Russell,027 Dryden Street
Debra Ryan,23 Atwood Center
Heather Vasquez,6 Farragut Place
Edward Peters,080 Eliot Junction
Samuel Mendoza,316 Loeprich Center
Ann Willis,61071 Buhler Junction
Ernest Bryant,220 Larry Way
Christine Daniels,06821 Harbort Crossing
Virginia Garza,30 Dryden Circle
Karen Bradley,871 Clemons Way
Roy Lynch,201 Warner Road
Johnny Robinson,93830 Welch Lane
Sandra Richardson,16289 Graedel Park
Janet Moreno,62 Killdeer Court
Roger Robinson,16 Killdeer Center
Kathy Lane,02203 Trailsway Plaza
Joseph Simpson,507 Pierstorff Junction
Harry Taylor,4878 Clyde Gallagher Terrace
