PID,Size,software
948975,Large,Subin
864466,Large,Greenlam
934194,Medium,Sonair
954636,Large,Bitchip
534818,Small,Trippledex
291888,Small,Fintone
513320,Medium,Flexidy
765124,Medium,Y-Solowarm
679838,Medium,Solarbreeze
584317,Large,Job
149936,Medium,Transcof
170028,Large,Greenlam
816027,Large,Zathin
758483,Small,Bamity
295355,Medium,Voltsillam
698243,Small,Asoka
296875,Medium,Zontrax
667777,Large,Fixflex
331671,Large,Job
426917,Large,Stronghold
359479,Large,Fixflex
856574,Large,Redhold
396525,Medium,Mat Lam Tam
629648,Medium,Biodex
720110,Large,Job
351050,Small,Tin
976004,Small,Cookley
361227,Medium,Vagram
466336,Medium,Quo Lux
260461,Medium,Asoka
640414,Large,Fixflex
699462,Large,Zamit
327593,Large,Keylex
164315,Small,Transcof
404977,Medium,Prodder
746747,Large,Flowdesk
688742,Small,Bigtax
717145,Large,Regrant
422457,Small,Voyatouch
933979,Large,Cookley
913203,Small,Mat Lam Tam
499802,Small,Mat Lam Tam
202544,Large,Subin
172345,Small,Lotstring
460297,Medium,Keylex
938532,Small,Sub-Ex
339502,Small,Zamit
206596,Small,Aerified
981934,Small,Toughjoyfax
960241,Medium,Cardify
714818,Large,Sonair
800880,Large,Alphazap
257973,Large,Flexidy
721651,Small,Solarbreeze
398575,Large,Bitchip
688033,Large,Sonsing
869586,Small,Lotstring
199504,Small,Quo Lux
277452,Large,Y-find
176900,Small,Trippledex
471694,Medium,Asoka
715887,Medium,Biodex
962764,Small,Trippledex
536787,Medium,Konklux
648318,Medium,Fixflex
119742,Large,Ventosanzap
215664,Small,It
146259,Medium,Aerified
279798,Large,Alphazap
479762,Large,Alpha
988255,Medium,Zoolab
474842,Medium,Bitchip
604013,Large,Veribet
470372,Large,Fixflex
350026,Medium,Matsoft
303108,Medium,Solarbreeze
412358,Large,Alphazap
184554,Small,Sonair
235323,Medium,Ronstring
885908,Large,Job
436876,Large,Home Ing
635104,Small,Keylex
822607,Small,Ventosanzap
791706,Small,Zontrax
814483,Large,Y-find
350312,Medium,Redhold
513627,Medium,Home Ing
900532,Medium,Voyatouch
976942,Small,Bytecard
911068,Medium,It
393085,Large,Voyatouch
855149,Large,Wrapsafe
489937,Small,Wrapsafe
527885,Medium,Cardify
814300,Medium,Stronghold
434700,Small,Bamity
776473,Small,Opela
182532,Large,Fixflex
614077,Large,Voyatouch
388329,Large,Tampflex
835253,Medium,Stronghold
652596,Large,Andalax
876995,Medium,Veribet
365114,Medium,Vagram
665007,Large,Job
537283,Medium,Overhold
705251,Medium,Bytecard
638294,Small,Bigtax
211926,Small,Zamit
544384,Small,Fixflex
432550,Small,Cookley
665184,Medium,Ventosanzap
556345,Small,Ventosanzap
934888,Medium,Temp
460719,Medium,Kanlam
907318,Large,Bitwolf
472561,Large,Andalax
238007,Medium,Overhold
493017,Small,Home Ing
350829,Small,Alphazap
913973,Small,Zathin
556936,Large,Andalax
421407,Medium,Alphazap
425288,Small,Span
661556,Small,Fixflex
431778,Medium,Home Ing
629858,Large,Duobam
958186,Large,Otcom
971614,Small,Treeflex
207050,Medium,Home Ing
184589,Medium,It
737128,Medium,It
647105,Small,Tresom
301865,Medium,Keylex
433608,Large,Stringtough
233037,Medium,Biodex
174596,Large,Solarbreeze
865856,Large,Fix San
340278,Large,Fix San
868257,Small,Duobam
493128,Large,Fintone
512057,Medium,Daltfresh
135457,Large,Y-find
827641,Large,Fixflex
933371,Small,Biodex
161470,Medium,Treeflex
816658,Medium,Bytecard
838391,Medium,Gembucket
981576,Medium,Veribet
402482,Small,Transcof
892709,Large,Fix San
873627,Small,Opela
782390,Medium,Konklab
850196,Medium,Zontrax
670787,Medium,Temp
544714,Small,Konklab
237814,Small,Stronghold
637652,Large,Zontrax
242133,Medium,Domainer
238090,Medium,Trippledex
341043,Medium,Vagram
470518,Large,Asoka
484697,Medium,It
223187,Large,Sonair
263083,Medium,Andalax
227500,Medium,Cookley
123815,Medium,Duobam
619346,Large,Hatity
134686,Medium,Job
542055,Medium,Hatity
160644,Small,Zontrax
270684,Small,Voyatouch
307073,Large,Bamity
125674,Small,Namfix
386157,Large,Temp
815707,Small,Cookley
482127,Small,Rank
241986,Small,Trippledex
812363,Medium,Veribet
487825,Large,Gembucket
742691,Medium,Temp
794630,Medium,Bitchip
905589,Large,Zoolab
597331,Small,Biodex
710098,Medium,Vagram
261186,Large,Flexidy
239920,Small,Bitchip
734764,Small,Stronghold
367520,Medium,Matsoft
283608,Medium,Redhold
719599,Small,Tin
649385,Large,Latlux
344097,Small,Fintone
122907,Medium,Keylex
143489,Medium,Zaam-Dox
635457,Small,Overhold
723783,Small,Namfix
757871,Large,Otcom
178195,Medium,Namfix
892500,Small,Pannier