PID,Name
350312,Stephanie Garrett
513627,Jessica White
900532,Chris Robertson
976942,Irene Mcdonald
911068,Evelyn Perkins
393085,Shirley Hughes
855149,Melissa Carpenter
489937,Annie James
527885,Terry Richardson
814300,Sara Burns
434700,Doris Murphy
776473,Ernest Gordon
182532,Philip Henderson
614077,Wanda Washington
388329,Janet Rogers
835253,Raymond Cox
652596,Stephen Schmidt
876995,Carl Alexander
365114,Antonio Morgan
665007,Susan Garza
537283,Sean Ross
705251,Heather Banks
638294,Margaret Garcia
211926,Matthew Fuller
544384,Kimberly Hawkins
432550,Daniel Sims
665184,Aaron Taylor
556345,Kathy Hunt
934888,Peter Hayes
460719,Martha Long
907318,Karen Bell
472561,Sandra Murphy
238007,George Sullivan
493017,Norma Rogers
350829,Anne Sullivan
913973,Julie Perry
556936,Ronald Cox
421407,Brandon Fuller
425288,Frances Clark
661556,Sara Burns
431778,Doris Murphy
629858,Ernest Gordon
958186,Philip Henderson
971614,Wanda Washington
207050,Janet Rogers
184589,Raymond Cox
737128,Stephen Schmidt
647105,Carl Alexander
301865,Antonio Morgan
433608,Susan Garza
233037,Sean Ross
174596,Heather Banks
865856,Margaret Garcia
340278,Matthew Fuller
868257,Kimberly Hawkins
493128,Daniel Sims
512057,Aaron Taylor
135457,Kathy Hunt
827641,Peter Hayes
933371,Martha Long
161470,Karen Bell
816658,Sandra Murphy
838391,George Sullivan
981576,Norma Rogers
402482,Anne Sullivan
892709,Julie Perry
873627,Ronald Cox
782390,Brandon Fuller
850196,Frances Clark
670787,Juan Morris
544714,Kathleen Mcdonald
237814,Theresa King
637652,Alice Cooper
242133,Patrick Carter
238090,Stephanie Garrett
341043,Jessica White
470518,Chris Robertson
484697,Irene Mcdonald
223187,Evelyn Perkins
263083,Shirley Hughes
227500,Melissa Carpenter
123815,Annie James
619346,Terry Richardson
134686,Jeffrey Richards
542055,Christopher Nguyen
160644,Rebecca Smith
270684,Gregory Elliott
307073,Lois Willis
125674,Frances Alexander
386157,Sara Burns
815707,Doris Murphy
482127,Ernest Gordon
241986,Philip Henderson
812363,Wanda Washington
487825,Janet Rogers
742691,Raymond Cox
794630,Stephen Schmidt
905589,Carl Alexander
597331,Antonio Morgan
710098,Susan Garza