PID,Name,Repair Date
116742,Bonnie Porter,2013-10-31
472379,Joan Burton,2010-11-21
452963,Teresa Richardson,2016-09-30
482526,Todd Shaw,2011-01-31
765659,Martin Howard,2013-10-16
908336,Billy Miller,2016-01-04
537667,Diane Pierce,2012-04-23
444664,Anna Price,2014-02-24
944371,Kevin Ford,2011-04-05
332463,Kelly Stewart,2012-04-29
338508,Henry Stanley,2014-08-04
217371,Steven Duncan,2011-01-29
177311,Harry Russell,2016-06-14
409114,Debra Ryan,2013-08-12
323621,Heather Vasquez,2012-11-24
560312,Edward Peters,2015-02-27
528449,Samuel Mendoza,2012-12-28
268046,Ann Willis,2014-08-25
671697,Ernest Bryant,2012-02-25
752622,Christine Daniels,2014-08-16
654760,Virginia Garza,2015-06-13
721798,Karen Bradley,2011-11-22
223695,Roy Lynch,2016-08-13
683373,Johnny Robinson,2014-04-29
405179,Sandra Richardson,2013-07-26
382059,Janet Moreno,2013-04-20
785840,Roger Robinson,2011-04-08
939661,Kathy Lane,2010-12-03
800436,Joseph Simpson,2015-04-01
834715,Harry Taylor,2016-06-20
157169,Bonnie Porter,2015-10-17
131915,Joan Burton,2015-01-26
186046,Teresa Richardson,2015-10-29
620621,Todd Shaw,2011-10-21
159840,Billy Miller,2011-10-03
338991,Anna Price,2016-10-01
653430,Harry Russell,2011-05-29
214824,Debra Ryan,2012-02-04
762024,Heather Vasquez,2015-02-21
395058,Edward Peters,2016-02-27
562690,Samuel Mendoza,2015-03-12
894928,Ann Willis,2011-01-25
175794,Ernest Bryant,2016-09-25
484315,Christine Daniels,2016-02-19
903330,Virginia Garza,2014-10-06
337502,Roy Lynch,2011-12-15
627220,Harry Russell,2011-11-21
162744,Debra Ryan,2012-01-27
761766,Heather Vasquez,2014-01-04
795919,Edward Peters,2015-04-30
167792,Samuel Mendoza,2013-02-06
244909,Harry Taylor,2016-04-28
457289,Bonnie Porter,2012-06-12
654482,Joan Burton,2012-01-26
226085,Teresa Richardson,2015-06-04
885695,Todd Shaw,2016-08-09
351885,Billy Miller,2013-05-19
285566,Anna Price,2013-04-24
569603,Kelly Stewart,2012-08-29
599169,Henry Stanley,2014-04-28
287724,Steven Duncan,2011-08-08
244739,Harry Russell,2011-03-07
617019,Edward Peters,2014-11-12
678782,Ann Willis,2015-04-13
232044,Ernest Bryant,2013-03-07
272246,Christine Daniels,2012-03-18
162787,Virginia Garza,2015-10-19
499859,Roy Lynch,2016-10-01
217713,Johnny Robinson,2014-06-10
175854,Sandra Richardson,2012-08-16
835209,Janet Moreno,2011-10-19
404224,Kathy Lane,2016-09-13
360255,Joseph Simpson,2016-10-31
857621,Harry Taylor,2015-03-21
299161,Bonnie Porter,2013-11-16
862439,Joan Burton,2012-12-11
909835,Teresa Richardson,2016-09-16
321309,Todd Shaw,2015-11-15
901063,Billy Miller,2016-08-07
364536,Anna Price,2016-05-09
253615,Kelly Stewart,2012-04-12
592730,Henry Stanley,2012-10-10
201808,Steven Duncan,2014-06-10
502165,Harry Russell,2012-05-06
372949,Edward Peters,2011-01-17
350312,Ann Willis,2012-03-16
513627,Ernest Bryant,2014-12-02
900532,Christine Daniels,2015-04-30
976942,Virginia Garza,2011-04-07
911068,Roy Lynch,2014-05-06
393085,Johnny Robinson,2016-07-17
855149,Sandra Richardson,2013-09-02
489937,Janet Moreno,2016-02-07
527885,Kathy Lane,2013-02-14
814300,Joseph Simpson,2011-09-21
434700,Harry Taylor,2014-02-28
776473,Bonnie Porter,2016-07-18
182532,Joan Burton,2011-01-24
614077,Teresa Richardson,2013-09-06
388329,Todd Shaw,2012-08-08
835253,Billy Miller,2013-02-02
652596,Anna Price,2013-12-21
876995,Kelly Stewart,2016-10-18
365114,Henry Stanley,2012-04-06
665007,Steven Duncan,2014-11-07
537283,Harry Russell,2013-08-01
705251,Edward Peters,2016-02-20
638294,Ann Willis,2011-08-14
211926,Ernest Bryant,2014-10-04
544384,Christine Daniels,2013-12-01
432550,Virginia Garza,2011-09-28
665184,Roy Lynch,2015-05-31
556345,Johnny Robinson,2015-10-07
934888,Sandra Richardson,2015-02-02
460719,Janet Moreno,2011-04-18
907318,Kathy Lane,2016-05-26
472561,Joseph Simpson,2016-11-09
238007,Harry Taylor,2015-03-27
493017,Bonnie Porter,2013-03-18
350829,Joan Burton,2016-04-07
913973,Teresa Richardson,2011-02-08
556936,Todd Shaw,2016-10-21
421407,Billy Miller,2014-12-17
425288,Anna Price,2013-05-20
661556,Kelly Stewart,2013-10-26
431778,Henry Stanley,2016-07-15
629858,Steven Duncan,2010-11-27
958186,Harry Russell,2011-06-04
971614,Edward Peters,2011-11-17
207050,Ann Willis,2016-05-01
184589,Ernest Bryant,2012-10-18
737128,Christine Daniels,2014-01-14
647105,Virginia Garza,2015-07-27
301865,Roy Lynch,2016-03-14
433608,Johnny Robinson,2015-05-07
233037,Sandra Richardson,2015-08-14
174596,Janet Moreno,2015-10-12
865856,Kathy Lane,2012-08-03
340278,Joseph Simpson,2014-09-28
868257,Harry Taylor,2012-09-02
493128,Bonnie Porter,2013-11-24
512057,Joan Burton,2014-01-15
135457,Teresa Richardson,2016-01-06
827641,Todd Shaw,2012-01-21
933371,Billy Miller,2012-06-12
161470,Anna Price,2012-02-01
816658,Kelly Stewart,2010-12-21
838391,Henry Stanley,2014-05-28
981576,Steven Duncan,2015-06-04
402482,Harry Russell,2012-08-01
892709,Edward Peters,2012-05-25
873627,Ann Willis,2016-04-18
782390,Ernest Bryant,2012-03-25
850196,Christine Daniels,2013-02-15
670787,Virginia Garza,2012-07-10
544714,Roy Lynch,2015-06-30
237814,Johnny Robinson,2012-03-15
637652,Sandra Richardson,2016-10-01
242133,Janet Moreno,2015-08-06
238090,Kathy Lane,2013-09-28
341043,Joseph Simpson,2010-12-03
470518,Harry Taylor,2015-11-16
484697,Bonnie Porter,2013-10-14
223187,Joan Burton,2012-12-11
263083,Teresa Richardson,2012-03-22
227500,Todd Shaw,2014-06-16
123815,Billy Miller,2016-07-17
619346,Anna Price,2015-11-14
134686,Kelly Stewart,2015-12-23
542055,Henry Stanley,2012-09-29
160644,Steven Duncan,2012-12-02
270684,Harry Russell,2014-07-09
307073,Edward Peters,2010-11-22
125674,Ann Willis,2016-06-03
386157,Ernest Bryant,2012-02-10
815707,Christine Daniels,2015-04-13
482127,Virginia Garza,2010-12-24
241986,Roy Lynch,2013-12-08
812363,Johnny Robinson,2013-10-17
487825,Sandra Richardson,2011-04-12
742691,Janet Moreno,2011-11-26
794630,Kathy Lane,2012-11-06
905589,Joseph Simpson,2011-08-09
597331,Harry Taylor,2012-06-29
710098,Bonnie Porter,2012-03-10
261186,Joan Burton,2016-10-28
239920,Teresa Richardson,2015-12-17
734764,Todd Shaw,2016-07-28
367520,Billy Miller,2014-04-11
283608,Anna Price,2012-11-25
719599,Kelly Stewart,2010-12-29
649385,Henry Stanley,2016-01-20
344097,Steven Duncan,2011-07-18
122907,Harry Russell,2012-06-16
143489,Edward Peters,2013-07-10
635457,Ann Willis,2016-08-30
723783,Ernest Bryant,2014-06-15
757871,Christine Daniels,2016-06-27
178195,Virginia Garza,2012-12-21